ERES_NAME,ERES_CODE,RESI
pH,,
Moisture,,
Total Organic Carbon,,
Arsenic,7440-38-2,40
Barium,,-
Beryllium,7440-41-7,1.7
Boron (water soluble),7440-42-8,11000
Cadmium,7440-43-9,85
Copper,7440-50-8,7100
Chromium,7440-47-3,910
Lead,7439-92-1,310
Mercury,7439-97-6,1.2
Nickel,7440-02-0,180
Selenium,7782-49-2,430
Vanadium,7440-62-2,1200
Zinc,7440-66-6,40000
Speciated PCB-WHO12,,
PCB BZ 81,,
PCB BZ 105,,
PCB BZ 114,,
PCB BZ 118,,
PCB BZ 123,,
PCB BZ 126,,
PCB BZ 156,,
PCB BZ 157,,
PCB BZ 167,,
PCB BZ 169,,
PCB BZ 189,,
PCB BZ 77,,
Total Speciated PCB-WHO12,,
,,
SVOC,,
Hexachlorobenzene,118-74-1,4100
Diethyl phthalate,84-66-2,"1,800,000"
Dimethyl phthalate,131-11-3,
Dibenzofuran,132-64-9,
Carbazole,86-74-8,
Butylbenzyl phthalate,85-68-7,"42,000,000"
Bis(2-ethylhexyl)phthalate,117-81-7,"2,700,000"
Bis(2-chloroethoxy)methane,111-91-1,
Bis(2-chloroethyl)ether,111-44-4,
4-Nitrophenol,100-02-7,
3+4-Methylphenol,P1846,3700000
4-Chloro-3-methylphenol,59-50-7,
2-Nitrophenol,88-75-5,
2-Methylphenol,95-48-7,3700000
2-Chlorophenol,95-57-8,94000
"2,6-Dinitrotoluene",606-20-2,78000
"2,4-Dinitrotoluene",121-14-2,170000
"2,4-Dimethylphenol",105-67-9,210000
"2,4-Dichlorophenol",120-83-2,
"2,4,6-Trichlorophenol",88-06-2,
"2,4,5-Trichlorophenol",95-95-4,
2-Chloronaphthalene,91-58-7,3800
2-Methylnaphthalene,91-57-6,
Acenaphthylene,208-96-8,1950000
Acenaphthene,83-32-9,3630000
Anthracene,120-12-7,19800000
Benzo(a)anthracene,56-55-3,3710
Benzo(b)fluoranthene,205-99-2,6990
Benzo(k)fluoranthene,207-08-9,10100
Benzo(a)pyrene,50-32-8,1000
Benzo(ghi)perylene,191-24-2,47000
Chrysene,218-01-9,8840
Fluoranthene,206-44-0,972000
Fluorene,86-73-7,1850000
"Indeno(1,2,3-cd)pyrene",193-39-5,4170
Phenanthrene,85-01-8,837000
Pyrene,129-00-0,2330000
Naphthalene,91-20-3,1640
Dibenzo(ah)anthracene,53-70-3,870
Bis(2-chloroisopropyl)ether,39638-32-9,
Phenol,108-95-2,750000
Pentachlorophenol (SVOC),87-86-5,27000
n-Nitroso-n-dipropylamine,621-64-7,
n-Dioctylphthalate,117-84-0,
n-Dibutylphthalate,84-74-2,
Nitrobenzene,98-95-3,
Isophorone,78-59-1,
Hexachloroethane,67-72-1,220
Hexachlorocyclopentadiene,87-68-3,
Perylene,198-55-0,
,,
VOC,,
Dichlorodifluoromethane,75-71-8,
Chloromethane,74-87-3,8.5
Vinyl Chloride (Chloroethene),75-01-4,0.77
Bromomethane,74-83-9,
Chloroethane,75-00-3,8400
Trichlorofluoromethane,75-69-4,
"1,1-Dichloroethene",75-35-4,230
Carbon Disulphide,75-15-0,140
Dichloromethane,75-09-2,2100
"trans 1,2-Dichloroethene",156-60-5,190
"1,1-Dichloroethane",75-34-3,2500
"cis 1,2-Dichloroethene",156-59-2,120
"2,2-Dichloropropane",594-20-7,
Bromochloromethane,74-97-5,
Chloroform,67-66-3,1200
"1,1,1-Trichloroethane",71-55-6,9000
"1,1-Dichloropropene",563-58-6,
Carbon Tetrachloride,56-23-5,26
"1,2-Dichloroethane",107-06-2,9.2
Benzene,71-43-2,380
Trichloroethene,79-01-6,17
"1,2-Dichloropropane",78-87-5,24
Dibromomethane,74-95-3,
Bromodichloromethane,75-27-4,19
"cis 1,3-Dichloropropene",10061-01-5,
Toluene,108-88-3,880000
"trans 1,3-Dichloropropene",10061-02-6,
"1,1,2-Trichloroethane",79-00-5,880
"1,3-Dichloropropane",142-28-9,
Tetrachloroethene,127-18-4,180
Dibromochloromethane,124-48-1,
"1,2-Dibromoethane",106-93-4,
Chlorobenzene,108-90-7,460
"1,1,1,2-Tetrachloroethane",630-20-6,1500
Ethylbenzene,100-41-4,83000
m & p Xylene,P1374,79000
o-Xylene,95-47-6,88000
Styrene,100-42-5,35000
Bromoform,75-25-2,5200
Isopropylbenzene,98-82-8,12000
"1,1,2,2-Tetrachloroethane",79-34-5,3900
"1,2,3-Trichloropropane",96-18-4,
Bromobenzene,108-86-1,910
n-Propylbenzene,103-65-1,40000
2-Chlorotoluene,95-49-8,
"1,3,5-Trimethylbenzene",108-67-8,
4-Chlorotoluene,106-43-4,
tert-Butylbenzene,98-06-6,
"1,2,4-Trimethylbenzene",95-63-6,410
sec-Butylbenzene,135-98-8,
4-Isopropyltoluene,99-87-6,
"1,3-Dichlorobenzene",541-73-1,440
"1,4-Dichlorobenzene",106-46-7,61000
n-Butylbenzene,104-51-8,
"1,2-Dichlorobenzene",95-50-1,24000
"1,2-Dibromo-3-chloropropane (DCBP)",96-12-8,
"1,2,4-Trichlorobenzene",120-82-1,2600
Hexachlorobutadiene,87-68-3,
"1,2,3-Trichlorobenzene",87-61-6,1500
,,
TPH CWG,,
Ali >C5-C6,P1407,30
Ali >C6-C8,P1408,73
Ali >C8-C10,P1409,19
Ali >C10-C12,P1410,93
Ali >C12-C16,P1411,745
Ali >C16-C21,P1412,45300
Ali >C21-C35,P1413,45300
Total Aliphatics,P1418,
Aro >C5-C7,P1441,263
Aro >C7-C8,P1355,607
Aro >C8-C10,P1356,33
Aro >C10-C12,P1357,177
Aro >C12-C16,P1358,1250
Aro >C16-C21,P1359,1290
Aro >C21-C35,P1360,1330
Total Aromatics,P1947,
TPH (Ali & Aro >C5-C35),P1371,
BTEX - Benzene,71-43-2,0.38
BTEX - Toluene,108-88-3,880
BTEX - Ethyl Benzene,100-41-4,83
BTEX - m & p Xylene,P1374,79
BTEX - o Xylene,95-47-6,88
MTBE,1634-04-4,
